-- ============================================================
-- MedPay 种子数据
-- 密码: admin123 → BCrypt hash
-- ============================================================

-- 1. 超级管理员账号
INSERT INTO user_account (id, username, phone, password_hash, role, status)
VALUES (
    'a0000000-0000-0000-0000-000000000001',
    'superadmin',
    '13800000000',
    '$2a$10$N.zmdr9k7uOCQb376NoUnuTJ8iAt6Z5EHsM8lE9lBOsl7iAt6KXPC',
    'SUPER_ADMIN',
    'ACTIVE'
);

INSERT INTO admin (id, user_id, hospital_id, full_name, admin_level)
VALUES (
    'b0000000-0000-0000-0000-000000000001',
    'a0000000-0000-0000-0000-000000000001',
    NULL,
    '系统超级管理员',
    'SUPER_ADMIN'
);

-- 2. 示例医院
INSERT INTO hospital (id, name, code, license_number, address, city, province, contact_phone, status)
VALUES
    ('c0000000-0000-0000-0000-000000000001', '北京协和医院', 'PUMCH-001', 'MED-BJ-001', '北京市东城区帅府园1号', '北京', '北京', '010-69156114', 'ACTIVE'),
    ('c0000000-0000-0000-0000-000000000002', '上海华山医院', 'HSHOSP-001', 'MED-SH-001', '上海市静安区乌鲁木齐中路12号', '上海', '上海', '021-52889999', 'ACTIVE');

-- 3. 科室 - 北京协和
INSERT INTO department (id, hospital_id, name, code, sort_order)
VALUES
    ('d0000000-0000-0000-0000-000000000001', 'c0000000-0000-0000-0000-000000000001', '内科', 'NK', 1),
    ('d0000000-0000-0000-0000-000000000002', 'c0000000-0000-0000-0000-000000000001', '外科', 'WK', 2),
    ('d0000000-0000-0000-0000-000000000003', 'c0000000-0000-0000-0000-000000000001', '儿科', 'EK', 3),
    ('d0000000-0000-0000-0000-000000000004', 'c0000000-0000-0000-0000-000000000001', '妇产科', 'FCK', 4),
    ('d0000000-0000-0000-0000-000000000005', 'c0000000-0000-0000-0000-000000000001', '骨科', 'GK', 5);

-- 科室 - 上海华山
INSERT INTO department (id, hospital_id, name, code, sort_order)
VALUES
    ('d0000000-0000-0000-0000-000000000006', 'c0000000-0000-0000-0000-000000000002', '神经内科', 'SJNK', 1),
    ('d0000000-0000-0000-0000-000000000007', 'c0000000-0000-0000-0000-000000000002', '皮肤科', 'PFK', 2),
    ('d0000000-0000-0000-0000-000000000008', 'c0000000-0000-0000-0000-000000000002', '感染科', 'GRK', 3);

-- 4. 医院管理员
INSERT INTO user_account (id, username, phone, password_hash, role, status)
VALUES
    ('a0000000-0000-0000-0000-000000000002', 'admin_pumch', '13800000001', '$2a$10$N.zmdr9k7uOCQb376NoUnuTJ8iAt6Z5EHsM8lE9lBOsl7iAt6KXPC', 'HOSPITAL_ADMIN', 'ACTIVE'),
    ('a0000000-0000-0000-0000-000000000003', 'admin_huashan', '13800000002', '$2a$10$N.zmdr9k7uOCQb376NoUnuTJ8iAt6Z5EHsM8lE9lBOsl7iAt6KXPC', 'HOSPITAL_ADMIN', 'ACTIVE');

INSERT INTO admin (id, user_id, hospital_id, full_name, admin_level)
VALUES
    ('b0000000-0000-0000-0000-000000000002', 'a0000000-0000-0000-0000-000000000002', 'c0000000-0000-0000-0000-000000000001', '协和管理员', 'HOSPITAL_ADMIN'),
    ('b0000000-0000-0000-0000-000000000003', 'a0000000-0000-0000-0000-000000000003', 'c0000000-0000-0000-0000-000000000002', '华山管理员', 'HOSPITAL_ADMIN');

-- 5. 医生
INSERT INTO user_account (id, username, phone, password_hash, role, status)
VALUES
    ('a0000000-0000-0000-0000-000000000010', 'dr_zhang', '13900000001', '$2a$10$N.zmdr9k7uOCQb376NoUnuTJ8iAt6Z5EHsM8lE9lBOsl7iAt6KXPC', 'DOCTOR', 'ACTIVE'),
    ('a0000000-0000-0000-0000-000000000011', 'dr_li', '13900000002', '$2a$10$N.zmdr9k7uOCQb376NoUnuTJ8iAt6Z5EHsM8lE9lBOsl7iAt6KXPC', 'DOCTOR', 'ACTIVE'),
    ('a0000000-0000-0000-0000-000000000012', 'dr_wang', '13900000003', '$2a$10$N.zmdr9k7uOCQb376NoUnuTJ8iAt6Z5EHsM8lE9lBOsl7iAt6KXPC', 'DOCTOR', 'ACTIVE');

INSERT INTO doctor (id, user_id, hospital_id, department_id, full_name, title, specialty, consultation_fee, status)
VALUES
    ('e0000000-0000-0000-0000-000000000001', 'a0000000-0000-0000-0000-000000000010', 'c0000000-0000-0000-0000-000000000001', 'd0000000-0000-0000-0000-000000000001', '张明', '主任医师', '心血管内科', 50.00, 'ACTIVE'),
    ('e0000000-0000-0000-0000-000000000002', 'a0000000-0000-0000-0000-000000000011', 'c0000000-0000-0000-0000-000000000001', 'd0000000-0000-0000-0000-000000000002', '李华', '副主任医师', '普通外科', 35.00, 'ACTIVE'),
    ('e0000000-0000-0000-0000-000000000003', 'a0000000-0000-0000-0000-000000000012', 'c0000000-0000-0000-0000-000000000002', 'd0000000-0000-0000-0000-000000000006', '王芳', '主任医师', '神经内科', 60.00, 'ACTIVE');

-- 6. 服务分类
INSERT INTO service_category (id, hospital_id, name, code, sort_order)
VALUES
    ('f0000000-0000-0000-0000-000000000001', 'c0000000-0000-0000-0000-000000000001', '门诊挂号', 'REG', 1),
    ('f0000000-0000-0000-0000-000000000002', 'c0000000-0000-0000-0000-000000000001', '检查检验', 'EXAM', 2),
    ('f0000000-0000-0000-0000-000000000003', 'c0000000-0000-0000-0000-000000000001', '增值服务', 'VAS', 3);

-- 7. 医疗服务
INSERT INTO medical_service (id, hospital_id, category_id, department_id, name, code, service_type, price, insurance_covered, insurance_ratio, duration_minutes, status)
VALUES
    ('10000000-0000-0000-0000-000000000001', 'c0000000-0000-0000-0000-000000000001', 'f0000000-0000-0000-0000-000000000001', 'd0000000-0000-0000-0000-000000000001', '内科普通门诊挂号', 'REG-NK-01', 'REGISTRATION', 50.00, TRUE, 0.8000, 15, 'ACTIVE'),
    ('10000000-0000-0000-0000-000000000002', 'c0000000-0000-0000-0000-000000000001', 'f0000000-0000-0000-0000-000000000001', 'd0000000-0000-0000-0000-000000000001', '内科专家门诊挂号', 'REG-NK-02', 'REGISTRATION', 200.00, TRUE, 0.5000, 20, 'ACTIVE'),
    ('10000000-0000-0000-0000-000000000003', 'c0000000-0000-0000-0000-000000000001', 'f0000000-0000-0000-0000-000000000002', NULL, '血常规检查', 'EXAM-XCG', 'EXAMINATION', 30.00, TRUE, 0.9000, 10, 'ACTIVE'),
    ('10000000-0000-0000-0000-000000000004', 'c0000000-0000-0000-0000-000000000001', 'f0000000-0000-0000-0000-000000000002', NULL, '胸部CT', 'EXAM-CT-XB', 'EXAMINATION', 350.00, TRUE, 0.7000, 30, 'ACTIVE'),
    ('10000000-0000-0000-0000-000000000005', 'c0000000-0000-0000-0000-000000000001', 'f0000000-0000-0000-0000-000000000003', NULL, '远程视频问诊', 'VAS-TELE', 'TELEMEDICINE', 100.00, FALSE, 0.0000, 30, 'ACTIVE');

-- 8. 产品/药品
INSERT INTO product (id, hospital_id, name, code, product_type, generic_name, manufacturer, specification, unit, price, stock_quantity, insurance_covered, insurance_category, insurance_ratio, status)
VALUES
    ('20000000-0000-0000-0000-000000000001', 'c0000000-0000-0000-0000-000000000001', '阿莫西林胶囊', 'MED-AMXL', 'MEDICINE', '阿莫西林', '华北制药', '0.5g*24粒', '盒', 15.00, 500, TRUE, '甲类', 0.9000, 'ACTIVE'),
    ('20000000-0000-0000-0000-000000000002', 'c0000000-0000-0000-0000-000000000001', '布洛芬缓释胶囊', 'MED-BLFE', 'MEDICINE', '布洛芬', '中美史克', '0.3g*20粒', '盒', 25.00, 300, TRUE, '甲类', 0.8500, 'ACTIVE'),
    ('20000000-0000-0000-0000-000000000003', 'c0000000-0000-0000-0000-000000000001', '电子血压计', 'DEV-DZBP', 'MEDICAL_DEVICE', NULL, '欧姆龙', 'HEM-7121', '台', 299.00, 50, FALSE, NULL, 0.0000, 'ACTIVE'),
    ('20000000-0000-0000-0000-000000000004', 'c0000000-0000-0000-0000-000000000001', '维生素C片', 'SUP-VTC', 'SUPPLEMENT', '维生素C', '汤臣倍健', '1000mg*60片', '瓶', 68.00, 200, FALSE, NULL, 0.0000, 'ACTIVE'),
    ('20000000-0000-0000-0000-000000000005', 'c0000000-0000-0000-0000-000000000001', '医用外科口罩', 'DEV-KZ', 'MEDICAL_DEVICE', NULL, '稳健医疗', '50只装', '盒', 12.00, 1000, FALSE, NULL, 0.0000, 'ACTIVE');

-- 9. 示例患者
INSERT INTO user_account (id, username, phone, password_hash, role, status)
VALUES ('a0000000-0000-0000-0000-000000000020', 'patient_test', '13700000001', '$2a$10$N.zmdr9k7uOCQb376NoUnuTJ8iAt6Z5EHsM8lE9lBOsl7iAt6KXPC', 'PATIENT', 'ACTIVE');

INSERT INTO patient (id, user_id, full_name, gender, insurance_type, default_hospital_id)
VALUES ('30000000-0000-0000-0000-000000000001', 'a0000000-0000-0000-0000-000000000020', '测试患者', 'MALE', 'URBAN_EMPLOYEE', 'c0000000-0000-0000-0000-000000000001');
