-- ============================================================
-- V5: 完整演示数据 — 打通全模块数据链路
-- 解决: 医生排班 → 患者预约 → 订单 → 支付 全流程
-- ============================================================

-- ============================================================
-- 1. 上海华山医院: 服务分类 + 医疗服务 + 药品
-- ============================================================

-- 服务分类 (华山)
INSERT INTO service_category (id, hospital_id, name, code, sort_order)
VALUES
    ('f0000000-0000-0000-0000-000000000010', 'c0000000-0000-0000-0000-000000000002', '门诊挂号', 'REG', 1),
    ('f0000000-0000-0000-0000-000000000011', 'c0000000-0000-0000-0000-000000000002', '检查检验', 'EXAM', 2),
    ('f0000000-0000-0000-0000-000000000012', 'c0000000-0000-0000-0000-000000000002', '增值服务', 'VAS', 3);

-- 医疗服务 (华山)
INSERT INTO medical_service (id, hospital_id, category_id, department_id, name, code, service_type, price, insurance_covered, insurance_ratio, duration_minutes, status)
VALUES
    ('10000000-0000-0000-0000-000000000010', 'c0000000-0000-0000-0000-000000000002', 'f0000000-0000-0000-0000-000000000010', 'd0000000-0000-0000-0000-000000000006', '神经内科普通门诊挂号', 'REG-SJNK-01', 'REGISTRATION', 60.00, TRUE, 0.8000, 15, 'ACTIVE'),
    ('10000000-0000-0000-0000-000000000011', 'c0000000-0000-0000-0000-000000000002', 'f0000000-0000-0000-0000-000000000010', 'd0000000-0000-0000-0000-000000000006', '神经内科专家门诊挂号', 'REG-SJNK-02', 'REGISTRATION', 300.00, TRUE, 0.5000, 20, 'ACTIVE'),
    ('10000000-0000-0000-0000-000000000012', 'c0000000-0000-0000-0000-000000000002', 'f0000000-0000-0000-0000-000000000010', 'd0000000-0000-0000-0000-000000000007', '皮肤科普通门诊挂号', 'REG-PFK-01', 'REGISTRATION', 45.00, TRUE, 0.8000, 15, 'ACTIVE'),
    ('10000000-0000-0000-0000-000000000013', 'c0000000-0000-0000-0000-000000000002', 'f0000000-0000-0000-0000-000000000011', NULL, '脑电图检查', 'EXAM-NDT', 'EXAMINATION', 200.00, TRUE, 0.7500, 40, 'ACTIVE'),
    ('10000000-0000-0000-0000-000000000014', 'c0000000-0000-0000-0000-000000000002', 'f0000000-0000-0000-0000-000000000011', NULL, '头颅MRI', 'EXAM-MRI-TL', 'EXAMINATION', 800.00, TRUE, 0.6000, 45, 'ACTIVE'),
    ('10000000-0000-0000-0000-000000000015', 'c0000000-0000-0000-0000-000000000002', 'f0000000-0000-0000-0000-000000000012', NULL, '远程视频问诊', 'VAS-TELE', 'TELEMEDICINE', 120.00, FALSE, 0.0000, 30, 'ACTIVE');

-- 北京协和: 补充外科挂号服务 (之前只有内科的)
INSERT INTO medical_service (id, hospital_id, category_id, department_id, name, code, service_type, price, insurance_covered, insurance_ratio, duration_minutes, status)
VALUES
    ('10000000-0000-0000-0000-000000000020', 'c0000000-0000-0000-0000-000000000001', 'f0000000-0000-0000-0000-000000000001', 'd0000000-0000-0000-0000-000000000002', '外科普通门诊挂号', 'REG-WK-01', 'REGISTRATION', 35.00, TRUE, 0.8000, 15, 'ACTIVE'),
    ('10000000-0000-0000-0000-000000000021', 'c0000000-0000-0000-0000-000000000001', 'f0000000-0000-0000-0000-000000000001', 'd0000000-0000-0000-0000-000000000003', '儿科普通门诊挂号', 'REG-EK-01', 'REGISTRATION', 40.00, TRUE, 0.8500, 15, 'ACTIVE'),
    ('10000000-0000-0000-0000-000000000022', 'c0000000-0000-0000-0000-000000000001', 'f0000000-0000-0000-0000-000000000001', 'd0000000-0000-0000-0000-000000000004', '妇产科普通门诊挂号', 'REG-FCK-01', 'REGISTRATION', 45.00, TRUE, 0.8000, 20, 'ACTIVE'),
    ('10000000-0000-0000-0000-000000000023', 'c0000000-0000-0000-0000-000000000001', 'f0000000-0000-0000-0000-000000000001', 'd0000000-0000-0000-0000-000000000005', '骨科普通门诊挂号', 'REG-GK-01', 'REGISTRATION', 40.00, TRUE, 0.8000, 15, 'ACTIVE');

-- 药品 (华山)
INSERT INTO product (id, hospital_id, name, code, product_type, generic_name, manufacturer, specification, unit, price, stock_quantity, insurance_covered, insurance_category, insurance_ratio, status)
VALUES
    ('20000000-0000-0000-0000-000000000010', 'c0000000-0000-0000-0000-000000000002', '卡马西平片', 'MED-KMXP', 'MEDICINE', '卡马西平', '北京诺华', '0.2g*30片', '盒', 35.00, 300, TRUE, '甲类', 0.8500, 'ACTIVE'),
    ('20000000-0000-0000-0000-000000000011', 'c0000000-0000-0000-0000-000000000002', '丙戊酸钠缓释片', 'MED-BWSN', 'MEDICINE', '丙戊酸钠', '赛诺菲', '0.5g*30片', '盒', 68.00, 200, TRUE, '甲类', 0.8000, 'ACTIVE'),
    ('20000000-0000-0000-0000-000000000012', 'c0000000-0000-0000-0000-000000000002', '氯雷他定片', 'MED-LLTD', 'MEDICINE', '氯雷他定', '上海先灵', '10mg*12片', '盒', 22.00, 500, TRUE, '乙类', 0.7000, 'ACTIVE'),
    ('20000000-0000-0000-0000-000000000013', 'c0000000-0000-0000-0000-000000000002', '血压计(臂式)', 'DEV-XYJ', 'MEDICAL_DEVICE', NULL, '鱼跃医疗', 'YE680A', '台', 198.00, 80, FALSE, NULL, 0.0000, 'ACTIVE'),
    ('20000000-0000-0000-0000-000000000014', 'c0000000-0000-0000-0000-000000000002', '维生素B族片', 'SUP-VTB', 'SUPPLEMENT', '复合维生素B', '善存', '60片', '瓶', 45.00, 150, FALSE, NULL, 0.0000, 'ACTIVE');

-- ============================================================
-- 2. 更多测试患者
-- ============================================================

INSERT INTO user_account (id, username, phone, password_hash, role, status)
VALUES
    ('a0000000-0000-0000-0000-000000000021', 'patient_li', '13700000002', '$2a$10$N.zmdr9k7uOCQb376NoUnuTJ8iAt6Z5EHsM8lE9lBOsl7iAt6KXPC', 'PATIENT', 'ACTIVE'),
    ('a0000000-0000-0000-0000-000000000022', 'patient_wang', '13700000003', '$2a$10$N.zmdr9k7uOCQb376NoUnuTJ8iAt6Z5EHsM8lE9lBOsl7iAt6KXPC', 'PATIENT', 'ACTIVE');

INSERT INTO patient (id, user_id, full_name, gender, insurance_type, default_hospital_id)
VALUES
    ('30000000-0000-0000-0000-000000000002', 'a0000000-0000-0000-0000-000000000021', '李小明', 'MALE', 'URBAN_EMPLOYEE', 'c0000000-0000-0000-0000-000000000001'),
    ('30000000-0000-0000-0000-000000000003', 'a0000000-0000-0000-0000-000000000022', '王丽华', 'FEMALE', 'URBAN_RESIDENT', 'c0000000-0000-0000-0000-000000000002');

-- ============================================================
-- 3. 医生排班 (未来7天, 每位医生每天2个时段)
--    关键: serviceId 指向对应的挂号服务
-- ============================================================

-- 张明医生 (协和内科) → 服务: 内科普通门诊挂号
INSERT INTO doctor_schedule (id, hospital_id, doctor_id, service_id, schedule_date, time_slot_start, time_slot_end, max_patients, booked_count, status)
VALUES
    ('40000000-0000-0000-0000-000000000001', 'c0000000-0000-0000-0000-000000000001', 'e0000000-0000-0000-0000-000000000001', '10000000-0000-0000-0000-000000000001', CURRENT_DATE + INTERVAL '1 day', '08:30', '11:30', 20, 0, 'AVAILABLE'),
    ('40000000-0000-0000-0000-000000000002', 'c0000000-0000-0000-0000-000000000001', 'e0000000-0000-0000-0000-000000000001', '10000000-0000-0000-0000-000000000001', CURRENT_DATE + INTERVAL '1 day', '14:00', '17:00', 15, 0, 'AVAILABLE'),
    ('40000000-0000-0000-0000-000000000003', 'c0000000-0000-0000-0000-000000000001', 'e0000000-0000-0000-0000-000000000001', '10000000-0000-0000-0000-000000000001', CURRENT_DATE + INTERVAL '2 days', '08:30', '11:30', 20, 0, 'AVAILABLE'),
    ('40000000-0000-0000-0000-000000000004', 'c0000000-0000-0000-0000-000000000001', 'e0000000-0000-0000-0000-000000000001', '10000000-0000-0000-0000-000000000001', CURRENT_DATE + INTERVAL '2 days', '14:00', '17:00', 15, 0, 'AVAILABLE'),
    ('40000000-0000-0000-0000-000000000005', 'c0000000-0000-0000-0000-000000000001', 'e0000000-0000-0000-0000-000000000001', '10000000-0000-0000-0000-000000000001', CURRENT_DATE + INTERVAL '3 days', '08:30', '11:30', 20, 0, 'AVAILABLE'),
    ('40000000-0000-0000-0000-000000000006', 'c0000000-0000-0000-0000-000000000001', 'e0000000-0000-0000-0000-000000000001', '10000000-0000-0000-0000-000000000001', CURRENT_DATE + INTERVAL '4 days', '08:30', '11:30', 20, 0, 'AVAILABLE'),
    ('40000000-0000-0000-0000-000000000007', 'c0000000-0000-0000-0000-000000000001', 'e0000000-0000-0000-0000-000000000001', '10000000-0000-0000-0000-000000000001', CURRENT_DATE + INTERVAL '5 days', '08:30', '11:30', 20, 0, 'AVAILABLE'),
    ('40000000-0000-0000-0000-000000000008', 'c0000000-0000-0000-0000-000000000001', 'e0000000-0000-0000-0000-000000000001', '10000000-0000-0000-0000-000000000001', CURRENT_DATE + INTERVAL '5 days', '14:00', '17:00', 15, 0, 'AVAILABLE'),
    ('40000000-0000-0000-0000-000000000009', 'c0000000-0000-0000-0000-000000000001', 'e0000000-0000-0000-0000-000000000001', '10000000-0000-0000-0000-000000000001', CURRENT_DATE + INTERVAL '6 days', '08:30', '11:30', 20, 0, 'AVAILABLE'),
    ('40000000-0000-0000-0000-000000000010', 'c0000000-0000-0000-0000-000000000001', 'e0000000-0000-0000-0000-000000000001', '10000000-0000-0000-0000-000000000001', CURRENT_DATE + INTERVAL '7 days', '08:30', '11:30', 20, 0, 'AVAILABLE');

-- 李华医生 (协和外科) → 服务: 外科普通门诊挂号
INSERT INTO doctor_schedule (id, hospital_id, doctor_id, service_id, schedule_date, time_slot_start, time_slot_end, max_patients, booked_count, status)
VALUES
    ('40000000-0000-0000-0000-000000000021', 'c0000000-0000-0000-0000-000000000001', 'e0000000-0000-0000-0000-000000000002', '10000000-0000-0000-0000-000000000020', CURRENT_DATE + INTERVAL '1 day', '08:00', '12:00', 25, 0, 'AVAILABLE'),
    ('40000000-0000-0000-0000-000000000022', 'c0000000-0000-0000-0000-000000000001', 'e0000000-0000-0000-0000-000000000002', '10000000-0000-0000-0000-000000000020', CURRENT_DATE + INTERVAL '1 day', '14:00', '17:00', 20, 0, 'AVAILABLE'),
    ('40000000-0000-0000-0000-000000000023', 'c0000000-0000-0000-0000-000000000001', 'e0000000-0000-0000-0000-000000000002', '10000000-0000-0000-0000-000000000020', CURRENT_DATE + INTERVAL '2 days', '08:00', '12:00', 25, 0, 'AVAILABLE'),
    ('40000000-0000-0000-0000-000000000024', 'c0000000-0000-0000-0000-000000000001', 'e0000000-0000-0000-0000-000000000002', '10000000-0000-0000-0000-000000000020', CURRENT_DATE + INTERVAL '3 days', '08:00', '12:00', 25, 0, 'AVAILABLE'),
    ('40000000-0000-0000-0000-000000000025', 'c0000000-0000-0000-0000-000000000001', 'e0000000-0000-0000-0000-000000000002', '10000000-0000-0000-0000-000000000020', CURRENT_DATE + INTERVAL '3 days', '14:00', '17:00', 20, 0, 'AVAILABLE'),
    ('40000000-0000-0000-0000-000000000026', 'c0000000-0000-0000-0000-000000000001', 'e0000000-0000-0000-0000-000000000002', '10000000-0000-0000-0000-000000000020', CURRENT_DATE + INTERVAL '4 days', '08:00', '12:00', 25, 0, 'AVAILABLE'),
    ('40000000-0000-0000-0000-000000000027', 'c0000000-0000-0000-0000-000000000001', 'e0000000-0000-0000-0000-000000000002', '10000000-0000-0000-0000-000000000020', CURRENT_DATE + INTERVAL '5 days', '08:00', '12:00', 25, 0, 'AVAILABLE'),
    ('40000000-0000-0000-0000-000000000028', 'c0000000-0000-0000-0000-000000000001', 'e0000000-0000-0000-0000-000000000002', '10000000-0000-0000-0000-000000000020', CURRENT_DATE + INTERVAL '6 days', '14:00', '17:00', 20, 0, 'AVAILABLE'),
    ('40000000-0000-0000-0000-000000000029', 'c0000000-0000-0000-0000-000000000001', 'e0000000-0000-0000-0000-000000000002', '10000000-0000-0000-0000-000000000020', CURRENT_DATE + INTERVAL '7 days', '08:00', '12:00', 25, 0, 'AVAILABLE');

-- 王芳医生 (华山神经内科) → 服务: 神经内科专家门诊挂号
INSERT INTO doctor_schedule (id, hospital_id, doctor_id, service_id, schedule_date, time_slot_start, time_slot_end, max_patients, booked_count, status)
VALUES
    ('40000000-0000-0000-0000-000000000041', 'c0000000-0000-0000-0000-000000000002', 'e0000000-0000-0000-0000-000000000003', '10000000-0000-0000-0000-000000000011', CURRENT_DATE + INTERVAL '1 day', '09:00', '12:00', 10, 0, 'AVAILABLE'),
    ('40000000-0000-0000-0000-000000000042', 'c0000000-0000-0000-0000-000000000002', 'e0000000-0000-0000-0000-000000000003', '10000000-0000-0000-0000-000000000011', CURRENT_DATE + INTERVAL '1 day', '14:00', '16:30', 8, 0, 'AVAILABLE'),
    ('40000000-0000-0000-0000-000000000043', 'c0000000-0000-0000-0000-000000000002', 'e0000000-0000-0000-0000-000000000003', '10000000-0000-0000-0000-000000000011', CURRENT_DATE + INTERVAL '2 days', '09:00', '12:00', 10, 0, 'AVAILABLE'),
    ('40000000-0000-0000-0000-000000000044', 'c0000000-0000-0000-0000-000000000002', 'e0000000-0000-0000-0000-000000000003', '10000000-0000-0000-0000-000000000011', CURRENT_DATE + INTERVAL '3 days', '09:00', '12:00', 10, 0, 'AVAILABLE'),
    ('40000000-0000-0000-0000-000000000045', 'c0000000-0000-0000-0000-000000000002', 'e0000000-0000-0000-0000-000000000003', '10000000-0000-0000-0000-000000000011', CURRENT_DATE + INTERVAL '3 days', '14:00', '16:30', 8, 0, 'AVAILABLE'),
    ('40000000-0000-0000-0000-000000000046', 'c0000000-0000-0000-0000-000000000002', 'e0000000-0000-0000-0000-000000000003', '10000000-0000-0000-0000-000000000011', CURRENT_DATE + INTERVAL '4 days', '09:00', '12:00', 10, 0, 'AVAILABLE'),
    ('40000000-0000-0000-0000-000000000047', 'c0000000-0000-0000-0000-000000000002', 'e0000000-0000-0000-0000-000000000003', '10000000-0000-0000-0000-000000000011', CURRENT_DATE + INTERVAL '5 days', '09:00', '12:00', 10, 0, 'AVAILABLE'),
    ('40000000-0000-0000-0000-000000000048', 'c0000000-0000-0000-0000-000000000002', 'e0000000-0000-0000-0000-000000000003', '10000000-0000-0000-0000-000000000011', CURRENT_DATE + INTERVAL '6 days', '09:00', '12:00', 10, 0, 'AVAILABLE'),
    ('40000000-0000-0000-0000-000000000049', 'c0000000-0000-0000-0000-000000000002', 'e0000000-0000-0000-0000-000000000003', '10000000-0000-0000-0000-000000000011', CURRENT_DATE + INTERVAL '7 days', '09:00', '12:00', 10, 0, 'AVAILABLE');

-- ============================================================
-- 4. 健康套餐
-- ============================================================

-- 北京协和 健康套餐
INSERT INTO health_package (id, hospital_id, name, code, description, package_type, price, original_price, validity_days, max_usage, included_items, status)
VALUES
    ('50000000-0000-0000-0000-000000000001', 'c0000000-0000-0000-0000-000000000001', '基础体检套餐', 'PKG-BASIC-001', '包含血常规、尿常规、肝功能、肾功能、胸部X光等基础检查项目', 'CHECKUP', 299.00, 450.00, 90, 1, '[{"name":"血常规检查","type":"SERVICE","referenceId":"10000000-0000-0000-0000-000000000003"},{"name":"胸部CT","type":"SERVICE","referenceId":"10000000-0000-0000-0000-000000000004"}]', 'ACTIVE'),
    ('50000000-0000-0000-0000-000000000002', 'c0000000-0000-0000-0000-000000000001', '心血管专项套餐', 'PKG-CARDIO-001', '心血管系统全面检查，含心电图、心脏超声、血脂全套等', 'CHECKUP', 599.00, 880.00, 90, 1, '[{"name":"心电图","type":"SERVICE"},{"name":"心脏超声","type":"SERVICE"},{"name":"血脂全套","type":"SERVICE"}]', 'ACTIVE'),
    ('50000000-0000-0000-0000-000000000003', 'c0000000-0000-0000-0000-000000000001', '慢病管理年卡', 'PKG-CHRONIC-001', '高血压/糖尿病患者年度管理套餐，含12次专家门诊和定期检查', 'MEMBERSHIP', 1999.00, 3600.00, 365, 12, '[{"name":"专家门诊","type":"SERVICE","quantity":12},{"name":"血糖监测","type":"SERVICE","quantity":4}]', 'ACTIVE');

-- 上海华山 健康套餐
INSERT INTO health_package (id, hospital_id, name, code, description, package_type, price, original_price, validity_days, max_usage, included_items, status)
VALUES
    ('50000000-0000-0000-0000-000000000010', 'c0000000-0000-0000-0000-000000000002', '神经系统筛查套餐', 'PKG-NEURO-001', '包含脑电图、头颅MRI、神经传导速度等检查', 'CHECKUP', 999.00, 1500.00, 90, 1, '[{"name":"脑电图检查","type":"SERVICE","referenceId":"10000000-0000-0000-0000-000000000013"},{"name":"头颅MRI","type":"SERVICE","referenceId":"10000000-0000-0000-0000-000000000014"}]', 'ACTIVE'),
    ('50000000-0000-0000-0000-000000000011', 'c0000000-0000-0000-0000-000000000002', '基础体检套餐', 'PKG-BASIC-001', '含血常规、肝肾功能、腹部B超等基础检查', 'CHECKUP', 358.00, 520.00, 90, 1, '[{"name":"血常规","type":"SERVICE"},{"name":"肝肾功能","type":"SERVICE"},{"name":"腹部B超","type":"SERVICE"}]', 'ACTIVE'),
    ('50000000-0000-0000-0000-000000000012', 'c0000000-0000-0000-0000-000000000002', '皮肤病专项套餐', 'PKG-DERM-001', '含皮肤镜检查、过敏原筛查、皮肤活检等', 'CHECKUP', 480.00, 720.00, 60, 1, '[{"name":"皮肤镜检查","type":"SERVICE"},{"name":"过敏原筛查","type":"SERVICE"}]', 'ACTIVE');

-- ============================================================
-- 5. 补充更多医生 (让演示数据更丰富)
-- ============================================================

-- 协和: 儿科医生
INSERT INTO user_account (id, username, phone, password_hash, role, status)
VALUES ('a0000000-0000-0000-0000-000000000013', 'dr_chen', '13900000004', '$2a$10$N.zmdr9k7uOCQb376NoUnuTJ8iAt6Z5EHsM8lE9lBOsl7iAt6KXPC', 'DOCTOR', 'ACTIVE');

INSERT INTO doctor (id, user_id, hospital_id, department_id, full_name, title, specialty, consultation_fee, bio, status)
VALUES ('e0000000-0000-0000-0000-000000000004', 'a0000000-0000-0000-0000-000000000013', 'c0000000-0000-0000-0000-000000000001', 'd0000000-0000-0000-0000-000000000003', '陈晓芳', '副主任医师', '小儿呼吸内科', 45.00, '从事儿科临床工作15年，擅长小儿呼吸系统疾病诊治', 'ACTIVE');

-- 陈晓芳排班 → 儿科普通门诊挂号
INSERT INTO doctor_schedule (id, hospital_id, doctor_id, service_id, schedule_date, time_slot_start, time_slot_end, max_patients, booked_count, status)
VALUES
    ('40000000-0000-0000-0000-000000000061', 'c0000000-0000-0000-0000-000000000001', 'e0000000-0000-0000-0000-000000000004', '10000000-0000-0000-0000-000000000021', CURRENT_DATE + INTERVAL '1 day', '08:00', '11:30', 30, 0, 'AVAILABLE'),
    ('40000000-0000-0000-0000-000000000062', 'c0000000-0000-0000-0000-000000000001', 'e0000000-0000-0000-0000-000000000004', '10000000-0000-0000-0000-000000000021', CURRENT_DATE + INTERVAL '2 days', '08:00', '11:30', 30, 0, 'AVAILABLE'),
    ('40000000-0000-0000-0000-000000000063', 'c0000000-0000-0000-0000-000000000001', 'e0000000-0000-0000-0000-000000000004', '10000000-0000-0000-0000-000000000021', CURRENT_DATE + INTERVAL '3 days', '14:00', '17:00', 25, 0, 'AVAILABLE'),
    ('40000000-0000-0000-0000-000000000064', 'c0000000-0000-0000-0000-000000000001', 'e0000000-0000-0000-0000-000000000004', '10000000-0000-0000-0000-000000000021', CURRENT_DATE + INTERVAL '4 days', '08:00', '11:30', 30, 0, 'AVAILABLE'),
    ('40000000-0000-0000-0000-000000000065', 'c0000000-0000-0000-0000-000000000001', 'e0000000-0000-0000-0000-000000000004', '10000000-0000-0000-0000-000000000021', CURRENT_DATE + INTERVAL '5 days', '08:00', '11:30', 30, 0, 'AVAILABLE'),
    ('40000000-0000-0000-0000-000000000066', 'c0000000-0000-0000-0000-000000000001', 'e0000000-0000-0000-0000-000000000004', '10000000-0000-0000-0000-000000000021', CURRENT_DATE + INTERVAL '6 days', '08:00', '11:30', 30, 0, 'AVAILABLE'),
    ('40000000-0000-0000-0000-000000000067', 'c0000000-0000-0000-0000-000000000001', 'e0000000-0000-0000-0000-000000000004', '10000000-0000-0000-0000-000000000021', CURRENT_DATE + INTERVAL '7 days', '14:00', '17:00', 25, 0, 'AVAILABLE');

-- 华山: 皮肤科医生
INSERT INTO user_account (id, username, phone, password_hash, role, status)
VALUES ('a0000000-0000-0000-0000-000000000014', 'dr_zhao', '13900000005', '$2a$10$N.zmdr9k7uOCQb376NoUnuTJ8iAt6Z5EHsM8lE9lBOsl7iAt6KXPC', 'DOCTOR', 'ACTIVE');

INSERT INTO doctor (id, user_id, hospital_id, department_id, full_name, title, specialty, consultation_fee, bio, status)
VALUES ('e0000000-0000-0000-0000-000000000005', 'a0000000-0000-0000-0000-000000000014', 'c0000000-0000-0000-0000-000000000002', 'd0000000-0000-0000-0000-000000000007', '赵敏', '主治医师', '皮肤美容科', 40.00, '皮肤科临床经验丰富，擅长湿疹、痤疮等常见皮肤病诊治', 'ACTIVE');

-- 赵敏排班 → 皮肤科普通门诊挂号
INSERT INTO doctor_schedule (id, hospital_id, doctor_id, service_id, schedule_date, time_slot_start, time_slot_end, max_patients, booked_count, status)
VALUES
    ('40000000-0000-0000-0000-000000000071', 'c0000000-0000-0000-0000-000000000002', 'e0000000-0000-0000-0000-000000000005', '10000000-0000-0000-0000-000000000012', CURRENT_DATE + INTERVAL '1 day', '08:30', '11:30', 20, 0, 'AVAILABLE'),
    ('40000000-0000-0000-0000-000000000072', 'c0000000-0000-0000-0000-000000000002', 'e0000000-0000-0000-0000-000000000005', '10000000-0000-0000-0000-000000000012', CURRENT_DATE + INTERVAL '2 days', '08:30', '11:30', 20, 0, 'AVAILABLE'),
    ('40000000-0000-0000-0000-000000000073', 'c0000000-0000-0000-0000-000000000002', 'e0000000-0000-0000-0000-000000000005', '10000000-0000-0000-0000-000000000012', CURRENT_DATE + INTERVAL '2 days', '14:00', '16:30', 15, 0, 'AVAILABLE'),
    ('40000000-0000-0000-0000-000000000074', 'c0000000-0000-0000-0000-000000000002', 'e0000000-0000-0000-0000-000000000005', '10000000-0000-0000-0000-000000000012', CURRENT_DATE + INTERVAL '3 days', '08:30', '11:30', 20, 0, 'AVAILABLE'),
    ('40000000-0000-0000-0000-000000000075', 'c0000000-0000-0000-0000-000000000002', 'e0000000-0000-0000-0000-000000000005', '10000000-0000-0000-0000-000000000012', CURRENT_DATE + INTERVAL '4 days', '08:30', '11:30', 20, 0, 'AVAILABLE'),
    ('40000000-0000-0000-0000-000000000076', 'c0000000-0000-0000-0000-000000000002', 'e0000000-0000-0000-0000-000000000005', '10000000-0000-0000-0000-000000000012', CURRENT_DATE + INTERVAL '5 days', '14:00', '16:30', 15, 0, 'AVAILABLE'),
    ('40000000-0000-0000-0000-000000000077', 'c0000000-0000-0000-0000-000000000002', 'e0000000-0000-0000-0000-000000000005', '10000000-0000-0000-0000-000000000012', CURRENT_DATE + INTERVAL '7 days', '08:30', '11:30', 20, 0, 'AVAILABLE');

-- ============================================================
-- 6. 给原有医生补充 bio 信息 (UPDATE)
-- ============================================================

UPDATE doctor SET bio = '心血管内科专家，从事心内科临床工作20余年，擅长冠心病、高血压、心律失常的诊治'
WHERE id = 'e0000000-0000-0000-0000-000000000001';

UPDATE doctor SET bio = '普通外科副主任医师，擅长腹腔镜微创手术，在胆囊、阑尾、疝气手术方面经验丰富'
WHERE id = 'e0000000-0000-0000-0000-000000000002';

UPDATE doctor SET bio = '神经内科学科带头人，专注帕金森病、癫痫、脑血管病的诊断和治疗，发表SCI论文30余篇'
WHERE id = 'e0000000-0000-0000-0000-000000000003';
